City_ID,City,Lat,Lng,Max Temp,Humidity,Cloudiness,Wind Speed,Country,Date
0,praia da vitoria,38.7333,-27.0667,24.14,94,20,3.33,PT,1690507058
1,otis orchards-east farms,47.7099,-117.0798,30.53,25,0,0.0,US,1690507058
2,port-aux-francais,-49.35,70.2167,4.84,89,100,9.2,TF,1690507054
3,half moon,34.826,-77.4594,28.99,84,40,3.6,US,1690507058
4,kodiak,57.79,-152.4072,12.73,88,100,4.63,US,1690507058
5,ushuaia,-54.8,-68.3,-0.19,55,0,2.57,AR,1690507058
6,onguday,50.75,86.15,16.01,97,100,1.95,RU,1690507058
7,yatou,37.15,122.3833,28.12,76,15,5.62,CN,1690507059
8,kencong,-8.2833,113.3667,24.34,70,11,0.71,ID,1690507059
9,edinburgh of the seven seas,-37.0676,-12.3116,9.89,49,15,1.57,SH,1690507059
10,tamanrasset,22.785,5.5228,25.95,11,0,2.06,DZ,1690507059
11,yellowknife,62.456,-114.3525,24.29,29,75,3.58,CA,1690507059
12,keflavik,64.0049,-22.5624,10.95,81,0,4.12,IS,1690507059
13,waitangi,-43.9535,-176.5597,9.9,88,100,3.13,NZ,1690507059
14,adamstown,-25.066,-130.1015,19.62,60,10,1.25,PN,1690507060
15,sisimiut,66.9395,-53.6735,6.62,86,36,3.01,GL,1690507060
16,oroqen zizhiqi,50.5667,123.7167,25.06,57,40,1.64,CN,1690507060
17,grytviken,-54.2811,-36.5092,-3.11,82,100,4.87,GS,1690507060
18,puerto baquerizo moreno,-0.9,-89.6,24.01,78,28,5.16,EC,1690507060
19,fale old settlement,-9.3852,-171.2468,27.83,78,16,7.16,TK,1690507060
20,port elizabeth,-33.918,25.5701,12.16,87,0,1.54,ZA,1690507002
21,nizhneudinsk,54.9076,99.0276,18.75,74,100,1.48,RU,1690507061
22,geraldton,-28.7667,114.6,13.23,94,75,2.06,AU,1690506893
23,buala,-8.145,159.5921,28.0,81,99,3.0,SB,1690507061
24,dalandzadgad,43.5708,104.425,28.3,23,3,6.86,MN,1690507061
25,olonkinbyen,70.9221,-8.7187,4.88,89,100,5.62,SJ,1690507061
26,carnarvon,-24.8667,113.6333,15.63,61,0,5.51,AU,1690507061
27,petropavlovsk-kamchatsky,53.0452,158.6483,11.33,100,100,2.0,RU,1690507061
28,wailua homesteads,22.0669,-159.378,30.24,74,40,7.2,US,1690507062
29,alzamay,55.5562,98.6644,18.15,74,100,0.79,RU,1690507062
30,ghat,24.9647,10.1728,30.96,11,42,0.91,LY,1690507062
31,hermanus,-34.4187,19.2345,11.9,78,0,1.8,ZA,1690506816
32,jamestown,42.097,-79.2353,22.77,89,40,3.6,US,1690507062
33,chake chake,-5.2459,39.7666,22.83,81,14,3.61,TZ,1690507062
34,ostrov,57.3439,28.3537,14.85,85,100,2.06,RU,1690507062
35,sambava,-14.2667,50.1667,19.25,85,1,4.78,MG,1690506840
36,badger,64.8,-147.5333,27.95,45,20,4.63,US,1690507063
37,al muwayh,22.4333,41.7583,29.51,19,5,4.24,SA,1690507063
38,ribeira grande,38.5167,-28.7,23.21,96,27,1.79,PT,1690507063
39,tacuarembo,-31.7333,-55.9833,8.81,76,100,2.04,UY,1690507063
40,saint-georges,12.0564,-61.7485,27.19,85,100,6.37,GD,1690507063
41,kapit,2.0167,112.9333,28.32,68,72,0.53,MY,1690507063
42,pecos,31.4229,-103.4932,36.46,16,0,7.2,US,1690506900
43,puerto natales,-51.7236,-72.4875,-3.42,87,100,1.54,CL,1690507064
44,manacapuru,-3.2997,-60.6206,29.41,52,100,1.08,BR,1690507064
45,nogliki,51.8333,143.1667,15.05,83,100,2.24,RU,1690507064
46,chinchilla,-26.75,150.6333,19.52,38,5,1.85,AU,1690507064
47,kailua-kona,19.6406,-155.9956,29.98,73,40,3.6,US,1690507064
48,aasiaat,68.7098,-52.8699,1.57,92,43,2.15,GL,1690507064
49,pokaran,26.9167,71.9167,28.29,78,100,5.93,IN,1690507064
50,albany,42.6001,-73.9662,24.89,90,42,0.45,US,1690507065
51,tolanaro,-25.0319,46.9987,17.53,85,11,4.49,MG,1690507065
52,bel ombre,-4.6167,55.4167,25.91,78,40,6.69,SC,1690507065
53,iskateley,67.6803,53.1512,13.83,88,100,3.34,RU,1690507065
54,ilulissat,69.2167,-51.1,4.01,93,20,1.03,GL,1690507065
55,fuqing,25.725,119.3794,27.87,96,100,0.55,CN,1690507065
56,stanley,54.868,-1.6985,15.5,89,75,2.06,GB,1690507065
57,tazacorte,28.629,-17.9293,22.54,80,40,4.63,ES,1690506805
58,san fernando de apure,7.8878,-67.4724,24.42,94,41,1.38,VE,1690507066
59,blackmans bay,-43.0167,147.3167,14.85,59,0,3.75,AU,1690507066
60,ust-nera,64.5667,143.2,13.95,49,82,1.46,RU,1690507066
61,constantia,44.1833,28.65,15.39,71,0,6.74,RO,1690507066
62,cascais,38.6979,-9.4215,19.47,78,0,8.94,PT,1690507066
63,fort st. john,56.2499,-120.8529,20.94,46,75,3.6,CA,1690506861
64,sao joao da barra,-21.6403,-41.0511,22.28,84,0,7.69,BR,1690507066
65,voitsberg,47.0333,15.15,15.33,73,100,1.82,AT,1690507067
66,nova sintra,14.8667,-24.7167,22.55,81,37,7.96,CV,1690507067
67,salor,41.3722,69.3817,26.4,39,0,1.03,UZ,1690507067
68,nemuro,43.3236,145.575,18.15,93,71,0.55,JP,1690507067
69,chibougamau,49.9168,-74.3659,18.79,55,100,0.8,CA,1690507067
70,port saint john's,-31.6229,29.5448,16.39,89,0,3.26,ZA,1690507067
71,anadyr,64.75,177.4833,13.28,87,75,4.0,RU,1690507067
72,bengkulu,-3.8004,102.2655,25.35,80,100,2.15,ID,1690507068
73,pokhara,28.2333,83.9833,23.31,91,89,0.4,NP,1690506819
74,djibo,14.1022,-1.6306,29.76,58,100,4.84,BF,1690507068
75,georgetown,5.4112,100.3354,27.96,89,20,0.0,MY,1690506830
76,nicoya,10.1483,-85.452,24.95,94,100,1.49,CR,1690507068
77,iqaluit,63.7506,-68.5145,8.85,76,20,0.0,CA,1690507068
78,sidareja,-7.4846,108.7923,24.0,73,95,1.87,ID,1690507068
79,usinsk,65.9939,57.5281,15.45,86,54,3.43,RU,1690507068
80,st. john's,47.5649,-52.7093,19.88,88,40,8.75,CA,1690507021
81,gummi,12.1436,5.1081,26.91,76,100,4.87,NG,1690507069
82,tura,25.5198,90.2201,24.53,95,100,2.59,IN,1690507069
83,mar del plata,-38.0023,-57.5575,8.3,85,75,3.58,AR,1690507069
84,cabedelo,-6.9811,-34.8339,24.37,86,3,5.49,BR,1690507069
85,bukama,-9.2,25.85,19.9,43,0,0.93,CD,1690507069
86,broken hill,-31.95,141.4333,18.86,54,19,8.95,AU,1690507070
87,enewetak,11.3474,162.3373,28.26,81,100,8.6,MH,1690507070
88,staritsa,56.5075,34.9354,16.05,97,100,2.81,RU,1690507070
89,ishigaki,24.3448,124.1572,29.07,89,75,9.77,JP,1690507070
90,qaqortoq,60.7167,-46.0333,6.45,75,100,1.51,GL,1690507070
91,awjilah,29.1081,21.2869,28.08,60,10,6.85,LY,1690507071
92,bredasdorp,-34.5322,20.0403,8.97,90,0,1.55,ZA,1690507071
93,guozhen,34.3659,107.359,21.72,96,100,0.63,CN,1690507071
94,remire-montjoly,4.9167,-52.2667,25.02,100,0,0.0,GF,1690507071
95,bereznik,62.8551,42.7072,13.3,97,100,1.09,RU,1690507071
96,fort mcmurray,56.7268,-111.381,16.77,67,100,3.09,CA,1690507071
97,romano d'ezzelino,45.7964,11.7563,19.39,82,0,2.06,IT,1690507071
98,dakhla,23.6848,-15.958,19.82,89,0,10.25,EH,1690507071
99,thinadhoo,0.5333,72.9333,27.77,79,25,5.04,MV,1690507072
100,mwinilunga,-11.7358,24.4293,12.76,51,1,1.74,ZM,1690507072
101,thompson,55.7435,-97.8558,15.09,63,75,3.09,CA,1690507072
102,chonchi,-42.6128,-73.8092,10.07,99,100,1.74,CL,1690507072
103,whitehorse,60.7161,-135.0538,25.57,44,75,5.14,CA,1690507072
104,puttalam,8.0362,79.8283,26.89,84,22,8.05,LK,1690507072
105,fada,9.5667,8.3,20.8,95,99,0.85,NG,1690507073
106,vorgashor,67.5833,63.95,14.97,91,100,0.37,RU,1690507073
107,raduzhnyy,62.0961,77.475,17.72,82,63,3.82,RU,1690507073
108,mount pearl,47.5166,-52.7813,19.42,88,40,8.75,CA,1690506897
109,invercargill,-46.4,168.35,9.45,78,97,3.13,NZ,1690507073
110,markha,62.1053,129.7269,21.98,40,0,1.0,RU,1690507073
111,glace bay,46.1969,-59.957,23.83,87,100,4.63,CA,1690506821
112,mitu,1.1983,-70.1733,22.6,98,100,0.54,CO,1690507073
113,seven pagodas,12.6264,80.1722,28.36,67,10,6.13,IN,1690507074
114,robertsport,6.7533,-11.3686,25.6,86,100,3.2,LR,1690507074
115,baijiantan,45.6333,85.1833,34.05,16,100,6.12,CN,1690507074
116,west island,-12.1568,96.8225,24.99,73,40,10.8,CC,1690507074
117,scarborough,54.2797,-0.4044,16.48,91,99,1.34,GB,1690506888
118,bandarbeyla,9.4942,50.8122,24.04,76,100,12.53,SO,1690507074
119,lata,40.1629,-8.3327,16.71,97,2,1.13,PT,1690507074
120,dazhong,33.1997,120.4578,25.66,90,100,5.32,CN,1690507074
121,college,64.8569,-147.8028,27.99,49,75,4.63,US,1690507075
122,avarua,-21.2078,-159.775,25.03,69,20,2.57,CK,1690506887
123,kegeyli shahar,42.7767,59.6078,25.05,31,0,4.43,UZ,1690507075
124,utrik,11.2278,169.8474,28.54,79,25,8.52,MH,1690507075
125,talnakh,69.4865,88.3972,24.56,44,5,2.5,RU,1690507075
126,nizhnyaya tavda,57.6731,66.1725,16.55,73,99,2.53,RU,1690507075
127,lebu,-37.6167,-73.65,11.49,92,100,1.9,CL,1690507075
128,sarakhs,36.5449,61.1577,28.67,36,6,6.45,IR,1690507075
129,mpanda,-6.3655,31.0409,15.54,49,5,0.17,TZ,1690507076
130,sur,22.5667,59.5289,28.73,72,100,2.92,OM,1690507076
131,lerwick,60.1545,-1.1494,13.0,87,7,3.42,GB,1690507076
132,balkashino,52.5167,68.7667,18.47,69,33,1.82,KZ,1690507076
133,rongelap,11.1635,166.8941,28.58,80,100,8.82,MH,1690507076
134,papatowai,-46.5619,169.4708,9.09,69,99,2.91,NZ,1690507076
135,bandon,51.7469,-8.7425,13.77,88,100,1.93,IE,1690506855
136,codrington,-38.2667,141.9667,14.24,79,0,6.14,AU,1690507077
137,aral,40.5156,81.2636,29.29,27,39,2.59,CN,1690507077
138,negombo,7.2083,79.8358,26.3,87,13,4.88,LK,1690507077
139,swakopmund,-22.6833,14.5333,12.21,87,6,0.85,NA,1690507077
140,punta arenas,-53.15,-70.9167,-1.78,84,100,2.56,CL,1690506740
141,longyearbyen,78.2186,15.6401,8.91,76,75,5.14,SJ,1690507077
142,egilsstadir,65.2653,-14.3948,6.95,100,75,3.6,IS,1690507077
143,jalgaon jamod,21.0486,76.5344,24.38,95,100,6.16,IN,1690507078
144,isafjordur,66.0755,-23.124,6.72,91,100,3.87,IS,1690507078
145,fortuna,40.5982,-124.1573,20.52,73,20,6.17,US,1690507078
146,bocsa,45.3733,21.7092,15.5,68,4,1.8,RO,1690507078
147,touros,-5.1989,-35.4608,24.7,85,24,5.53,BR,1690507078
148,hami,42.8,93.45,35.2,10,2,2.77,CN,1690506914
149,mata-utu,-13.2816,-176.1745,27.35,75,97,5.47,WF,1690507078
150,shahrak,34.1074,64.3052,14.58,37,0,1.87,AF,1690507079
151,puerto ayora,-0.7393,-90.3518,24.75,93,38,2.24,EC,1690507079
152,san patricio,28.017,-97.5169,31.92,58,0,6.71,US,1690507079
153,juneau,58.3019,-134.4197,21.72,100,75,4.63,US,1690506800
154,maun,-19.9833,23.4167,13.53,45,5,2.85,BW,1690507079
155,namibe,-15.1961,12.1522,15.17,86,84,4.51,AO,1690507079
156,were ilu,10.6,39.4333,12.78,79,96,1.27,ET,1690507080
157,careiro da varzea,-3.2003,-59.8119,29.35,52,54,1.3,BR,1690507080
158,plastun,44.7561,136.2939,29.8,58,53,1.46,RU,1690507080
159,haiku-pauwela,20.9219,-156.3051,29.01,63,20,9.77,US,1690507080
160,lompoc,34.6391,-120.4579,23.25,75,0,11.62,US,1690507080
161,villa ojo de agua,-29.5,-63.6938,9.69,66,0,2.73,AR,1690507080
162,deori,21.45,82.6167,27.42,84,100,0.28,IN,1690507080
163,tuma,55.148,40.5537,20.16,75,29,4.02,RU,1690507081
164,walvis bay,-22.9575,14.5053,12.27,90,6,1.67,NA,1690507081
165,balikesir,39.75,28.0,18.62,82,0,0.0,TR,1690507081
166,aykhal,66.0,111.5,17.32,57,100,1.13,RU,1690506909
167,porto de moz,-1.7483,-52.2383,26.72,64,76,1.96,BR,1690507081
168,queenstown,-31.8976,26.8753,8.64,37,0,2.74,ZA,1690507081
169,tiksi,71.6872,128.8694,9.5,61,79,3.52,RU,1690507081
170,syktyvkar,61.6764,50.8099,16.85,82,100,4.02,RU,1690507082
171,winona,43.9666,-91.7668,29.96,67,0,1.54,US,1690507082
172,holualoa,19.6228,-155.9522,27.91,73,40,3.6,US,1690507082
173,bethel,41.3712,-73.414,24.83,88,20,0.45,US,1690507082
174,san rafael,-34.6177,-68.3301,9.83,47,51,2.7,AR,1690506962
175,tvoroyri,61.5556,-6.8111,11.57,89,99,9.76,FO,1690507083
176,darwin,-12.4611,130.8418,27.99,61,40,3.6,AU,1690506902
177,tieli,46.95,128.05,23.24,94,100,3.71,CN,1690507083
178,kittila,67.6647,24.8936,9.08,100,99,0.51,FI,1690507083
179,dolores,-36.3132,-57.6792,7.24,91,100,1.57,AR,1690507084
180,island harbour,50.724,-1.2758,17.48,96,95,0.89,GB,1690507085
181,manokwari,-0.8667,134.0833,28.08,71,94,0.4,ID,1690507085
182,klyuchi,52.2667,79.1667,19.24,66,100,3.05,RU,1690507085
183,sacaba,20.5833,-89.9833,27.75,67,95,1.37,MX,1690507085
184,nishinoomote,30.7333,131.0,29.31,89,75,4.63,JP,1690507086
185,mangrol,21.1167,70.1167,27.02,84,100,8.16,IN,1690507086
186,lihue,21.9789,-159.3672,30.58,66,40,7.2,US,1690507087
187,conduaga,8.862,117.4893,28.06,76,100,4.64,PH,1690507087
188,necochea,-38.5473,-58.7368,6.59,86,100,2.75,AR,1690507087
189,vung tau,10.346,107.0843,27.25,86,48,7.06,VN,1690507087
190,al wajh,26.2455,36.4525,28.97,89,0,2.06,SA,1690507088
191,vadso,70.0744,29.7487,11.49,93,100,2.57,NO,1690507088
192,weno,7.4515,151.8468,30.97,84,75,4.63,FM,1690506853
193,urzhar,47.093,81.6294,24.05,56,100,7.75,KZ,1690507088
194,dubna,56.7333,37.1667,18.34,97,100,3.12,RU,1690507088
195,shimanovsk,52.0,127.7,24.59,61,14,3.4,RU,1690507089
196,puerto lleras,3.0223,-73.4044,22.56,97,91,1.03,CO,1690506927
197,malango,-2.9627,119.9001,22.35,75,100,0.86,ID,1690507089
198,nadi,-17.8,177.4167,26.0,53,75,5.14,FJ,1690506701
199,kone,-21.0595,164.8658,23.5,42,5,2.97,NC,1690507089
200,port alfred,-33.5906,26.891,15.05,84,0,4.72,ZA,1690507089
201,putyvl',51.3374,33.8707,15.67,98,100,3.43,UA,1690507090
202,nadym,65.5333,72.5167,20.13,72,53,2.0,RU,1690507090
203,homer,59.6425,-151.5483,18.76,66,100,3.6,US,1690507090
204,bushehr,28.9684,50.8385,30.05,84,0,2.06,IR,1690507090
205,happy valley-goose bay,53.3168,-60.3315,17.17,59,75,6.17,CA,1690506910
206,bridgewater,44.3835,-64.5155,21.73,95,100,6.69,CA,1690507091
207,taitung city,22.7583,121.1444,24.15,100,75,2.57,TW,1690507091
208,pechora,65.1472,57.2244,15.68,87,100,1.98,RU,1690507091
209,mendoza,-32.8908,-68.8272,9.74,57,0,1.03,AR,1690506902
210,inhambane,-23.865,35.3833,18.48,77,0,3.06,MZ,1690507092
211,arkhangel'sk,64.5401,40.5433,11.02,88,69,0.95,RU,1690507092
212,zahirabad,17.6833,77.6167,21.94,90,100,6.71,IN,1690507092
213,kushtagi,15.7667,76.2,21.69,88,100,6.77,IN,1690507092
214,amasra,41.7463,32.3863,20.12,79,97,7.84,TR,1690507092
215,yuzhno-kurilsk,44.0306,145.8556,22.79,80,49,2.04,RU,1690507093
216,barra de santo antonio,-9.4047,-35.5072,22.6,87,90,4.33,BR,1690507093
217,villamontes,-21.25,-63.5,15.29,70,76,0.59,BO,1690507093
218,betafo,-19.8333,46.85,7.78,78,0,1.9,MG,1690507093
219,digos,6.7497,125.3572,27.99,76,100,1.54,PH,1690507093
220,pisco,-13.7,-76.2167,19.03,77,0,5.14,PE,1690507093
221,coahuayana de hidalgo,18.7,-103.6583,28.47,74,53,1.85,MX,1690507094
222,kalmunai,7.4167,81.8167,26.67,73,14,1.7,LK,1690507094
223,mareeba,-17.0,145.4333,24.69,72,90,3.49,AU,1690507094
224,kondoros,46.7667,20.8,15.07,66,28,2.51,HU,1690507094
225,morehead city,34.7229,-76.726,29.45,85,75,6.17,US,1690506853
226,bilibino,68.0546,166.4372,13.26,59,100,2.83,RU,1690507094
227,nouadhibou,20.931,-17.0347,22.99,73,10,10.29,MR,1690507095
228,east london,-33.0153,27.9116,14.96,82,0,4.12,ZA,1690507095
229,harper,4.375,-7.7169,24.59,90,97,4.48,LR,1690507095
230,naze,28.3667,129.4833,27.51,84,84,6.6,JP,1690507095
231,katsuura,35.1333,140.3,28.14,71,3,4.26,JP,1690507095
232,qingdao,36.0986,120.3719,29.78,74,75,7.0,CN,1690507095
233,hammerfest,70.6634,23.6821,10.25,87,100,0.0,NO,1690507096
234,colonia,50.9333,6.95,17.94,89,100,3.62,DE,1690506939
235,quellon,-43.1167,-73.6167,10.14,93,100,3.6,CL,1690507044
236,arteche,12.2645,125.4048,28.52,74,100,2.66,PH,1690507096
237,tsiombe,-25.3,45.4833,16.4,84,0,3.64,MG,1690507096
238,porto novo,6.4965,2.6036,25.9,91,100,3.4,BJ,1690507096
239,paramonga,-10.6667,-77.8333,19.83,81,44,4.07,PE,1690507097
240,oranjemund,-28.55,16.4333,11.41,89,0,1.91,NA,1690507097
241,dudinka,69.4058,86.1778,24.79,49,0,3.73,RU,1690507097
242,dunedin,-45.8742,170.5036,9.56,60,99,2.08,NZ,1690506820
243,fort bragg,35.139,-79.006,31.01,68,0,4.12,US,1690507067
244,nar'yan-mar,67.6713,53.087,13.84,87,100,3.41,RU,1690507097
245,pama,11.2497,0.7075,25.96,80,100,2.86,BF,1690507097
246,taroa,8.7058,171.2275,28.36,79,100,8.53,MH,1690507098
247,ghormach,35.7306,63.7826,28.07,26,3,1.78,AF,1690507098
248,ingeniero guillermo n. juarez,-23.9,-61.85,14.55,84,15,1.98,AR,1690507098
249,pingliang,35.5392,106.6861,17.36,97,100,3.71,CN,1690507098
250,whangarei,-35.7317,174.3239,13.72,52,3,4.09,NZ,1690507098
251,markaz-e hukumat-e darweshan,31.1323,64.1934,28.97,27,1,3.62,AF,1690507099
252,leua,48.2156,18.6071,18.05,63,100,1.27,SK,1690507099
253,chenzhou,25.8,113.0333,27.86,85,63,1.75,CN,1690507099
254,kununurra,-15.7667,128.7333,25.99,38,40,2.57,AU,1690507099
255,den burg,53.0542,4.7972,18.87,95,75,6.17,NL,1690507099
256,gisborne,-38.6533,178.0042,10.51,79,100,7.18,NZ,1690507100
257,coquimbo,-29.9533,-71.3436,12.85,87,0,1.54,CL,1690506747
258,puerto armuelles,8.2833,-82.8667,28.99,70,100,1.34,PA,1690507077
259,trashi yangtse,27.6116,91.498,19.63,97,100,0.34,BT,1690507100
260,anzio,41.4853,12.6179,23.25,65,0,3.06,IT,1690506872
261,isangel,-19.55,169.2667,22.42,53,66,6.38,VU,1690507100
262,ludington,43.9553,-86.4526,24.05,92,0,2.57,US,1690507100
263,kavaratti,10.5669,72.642,28.16,76,100,6.51,IN,1690507100
264,sosnovo-ozerskoye,52.5249,111.5418,16.51,85,100,3.54,RU,1690507101
265,sao jose da coroa grande,-8.8978,-35.1478,23.83,88,36,4.4,BR,1690507101
266,afaahiti,-17.75,-149.2833,25.93,85,26,4.47,PF,1690506832
267,selfoss,63.9331,-20.9971,8.36,88,18,2.83,IS,1690507101
268,klaksvik,62.2266,-6.589,12.51,94,100,6.16,FO,1690507101
269,tionk essil,12.7856,-16.5217,27.03,87,49,3.21,SN,1690507101
270,vernon,50.2581,-119.2691,29.23,31,100,4.02,CA,1690506600
271,creston,41.0586,-94.3614,27.98,100,0,3.6,US,1690507102
272,margaret river,-33.95,115.0667,14.86,65,86,8.23,AU,1690507102
273,natal,-5.795,-35.2094,25.12,88,20,4.12,BR,1690506943
274,puerto cabezas,14.0351,-83.3888,27.38,78,84,6.23,NI,1690507102
275,yermakovskoye,53.2831,92.4003,17.09,93,100,1.57,RU,1690507102
276,novobureyskiy,49.798,129.8774,23.36,81,100,2.88,RU,1690507102
277,castillos,-34.1667,-53.8333,8.59,77,100,1.44,UY,1690507103
278,rehoboth,-23.3167,17.0833,14.19,27,31,3.46,NA,1690507103
279,pimentel,-6.8367,-79.9342,22.16,83,0,5.66,PE,1690507103
280,laranjeiras do sul,-25.4078,-52.4161,14.61,92,100,1.04,BR,1690506921
281,smithers,54.7804,-127.1743,18.18,68,75,1.54,CA,1690507103
282,hithadhoo,-0.6,73.0833,28.38,78,99,6.83,MV,1690507104
283,chinde,26.8418,88.0763,20.31,86,56,0.88,NP,1690507104
284,attingal,8.6833,76.8333,25.82,87,12,2.44,IN,1690507104
285,port lincoln,-34.7333,135.8667,16.1,73,2,7.59,AU,1690507104
286,caribou,46.8606,-68.012,19.24,86,0,0.0,US,1690507104
287,kalabo,-14.97,22.6814,13.18,45,2,2.47,ZM,1690507104
288,shingu,33.7333,135.9833,29.61,70,38,2.24,JP,1690506820
289,ceeldheer,3.8488,47.1806,24.02,87,79,8.43,SO,1690507105
290,ta`u,-14.2336,-169.5144,26.22,72,100,6.48,AS,1690507105
291,rantauprapat,2.1,99.8333,25.1,85,100,0.68,ID,1690507105
292,callao,-12.0667,-77.15,20.95,77,0,6.17,PE,1690507105
293,acapulco de juarez,16.8634,-99.8901,30.9,70,75,3.09,MX,1690507097
294,okhotsk,59.3833,143.3,16.22,83,100,3.33,RU,1690507105
295,craig,40.5153,-107.5464,29.79,23,0,3.09,US,1690506811
296,bodo,67.28,14.405,12.65,97,100,1.54,NO,1690507106
297,bamboo flat,11.7,92.7167,28.05,83,40,3.09,IN,1690507106
298,hadibu,12.65,54.0333,25.07,80,97,11.81,YE,1690507106
299,la'ie,21.6477,-157.9253,30.98,65,9,6.35,US,1690507106
300,tazovsky,67.4667,78.7,16.13,89,100,0.9,RU,1690507106
301,mstsislaw,54.0192,31.7257,12.92,96,100,5.47,BY,1690507107
302,ngereklmadel,7.4883,134.4856,26.05,83,100,4.63,PW,1690507107
303,laguna,38.421,-121.4238,34.62,35,0,6.17,US,1690507107
304,san ignacio de velasco,-16.3667,-60.95,22.58,59,1,1.87,BO,1690507107
305,kinkala,-4.3614,14.7644,22.17,71,6,4.18,CG,1690507107
306,merritt island,28.5392,-80.672,25.61,94,40,2.68,US,1690507108
307,lazaro cardenas,17.9583,-102.2,29.93,71,100,4.4,MX,1690507108
308,torghay,49.6339,63.4981,25.02,39,10,1.6,KZ,1690507108
309,spearfish,44.4908,-103.8594,30.05,33,0,2.06,US,1690507059
310,sonoita,31.85,-112.8333,36.72,33,0,6.01,MX,1690507108
311,kandava,57.0409,22.7747,9.46,96,11,2.15,LV,1690507108
312,mirnyy,62.5353,113.9611,20.69,43,100,4.02,RU,1690507109
313,nuku'alofa,-21.1333,-175.2,22.19,60,40,4.12,TO,1690507109
314,revda,56.801,59.9303,17.47,94,59,3.09,RU,1690507109
315,narasannapeta,18.4167,84.05,26.79,88,87,4.0,IN,1690507109
316,ancud,-41.8697,-73.8203,9.6,96,100,3.84,CL,1690507109
317,comodoro rivadavia,-45.8667,-67.5,0.92,75,0,2.06,AR,1690506871
318,rio grande,-32.035,-52.0986,8.86,79,99,2.49,BR,1690506969
319,tamaqua,40.7973,-75.9694,27.72,89,100,0.0,US,1690507110
320,hasaki,35.7333,140.8333,34.05,71,1,5.15,JP,1690507110
321,medicine hat,50.0501,-110.6683,23.24,41,20,5.66,CA,1690507110
322,kachug,53.9606,105.8817,21.68,61,63,1.39,RU,1690507110
323,hafar al-batin,28.4328,45.9708,31.32,15,0,0.0,SA,1690507111
324,sigli,5.3848,95.9609,27.08,67,100,2.21,ID,1690507111
325,chum phae,16.5443,102.0992,27.85,69,100,2.33,TH,1690507111
326,west plains,36.7281,-91.8524,32.46,60,0,2.06,US,1690507111
327,washougal,45.5826,-122.3534,29.16,40,0,3.6,US,1690507111
328,talakan,50.3167,130.3667,22.65,84,100,2.31,RU,1690507111
329,sogne,58.0833,7.8167,13.16,95,6,3.49,NO,1690507112
330,uren',57.4552,45.7852,16.25,86,12,2.21,RU,1690507112
331,minas de marcona,-15.2119,-75.1103,13.05,84,13,5.05,PE,1690507112
332,colipapa,9.4726,122.5616,28.32,78,39,6.43,PH,1690507112
333,cockburn town,21.4612,-71.1419,28.49,81,75,8.26,TC,1690507112
334,pacific grove,36.6177,-121.9166,26.25,74,0,3.09,US,1690507112
335,cabo san lucas,22.8909,-109.9124,34.61,66,0,9.26,MX,1690506760
336,magdagachi,53.45,125.8,17.72,97,96,1.27,RU,1690507113
337,calvinia,-31.4707,19.776,9.08,45,0,3.21,ZA,1690507113
338,port mathurin,-19.6833,63.4167,23.27,77,76,4.96,MU,1690507113
339,sungai raya,0.7,108.9,27.19,74,100,5.2,ID,1690507113
340,pontian kechil,1.4866,103.3896,30.66,89,100,2.89,MY,1690507113
341,sumbawa besar,-8.5,117.4333,26.66,57,10,3.91,ID,1690507113
342,xining,36.6167,101.7667,15.82,66,0,1.27,CN,1690507114
343,itapeva,-23.9822,-48.8756,15.18,94,100,3.12,BR,1690507114
344,senador pompeu,-5.5881,-39.3717,24.08,54,0,2.51,BR,1690507114
345,labuan,5.2767,115.2417,29.2,79,20,1.54,MY,1690507114
346,chonglong,29.7806,104.8522,22.68,96,100,3.41,CN,1690507114
347,ebon,4.582,168.6964,28.3,77,97,4.67,MH,1690507114
348,puerto montt,-41.4698,-72.9447,10.46,93,100,4.63,CL,1690506928
349,papao,-17.75,-149.55,26.82,79,4,3.15,PF,1690507115
350,rafina,38.0181,24.006,28.03,45,0,4.02,GR,1690507115
351,belokurikha,51.9959,84.9896,21.38,61,89,1.33,RU,1690507115
352,lensk,60.7253,114.9278,24.51,51,5,2.58,RU,1690507115
353,bargaal,11.2864,51.0773,26.43,68,100,12.16,SO,1690507115
354,juliaca,-15.5,-70.1333,3.01,18,0,2.84,PE,1690507115
355,maintirano,-18.0667,44.0167,19.6,89,0,4.02,MG,1690507115
356,atafu village,-8.5421,-172.5159,28.22,78,13,7.18,TK,1690507116
357,labrador city,52.9463,-66.9114,10.95,87,75,3.6,CA,1690506912
358,noumea,-22.2763,166.4572,22.99,99,86,5.91,NC,1690506615
359,vitorino freire,-4.0667,-45.1667,24.92,52,0,1.9,BR,1690507116
360,tadine,-21.55,167.8833,20.52,57,100,6.92,NC,1690507116
361,mount isa,-20.7333,139.5,25.87,47,45,4.63,AU,1690507116
362,uturoa,-16.7333,-151.4333,26.7,77,0,3.55,PF,1690507116
363,dhidhdhoo,6.8833,73.1,28.1,75,74,2.19,MV,1690507117
364,liwale,-9.7667,37.9333,16.36,92,31,0.92,TZ,1690507117
365,sitka,57.0531,-135.33,19.94,68,20,7.72,US,1690507117
366,irymple,-34.25,142.1667,17.27,77,5,0.89,AU,1690507117
367,greymouth,-42.4667,171.2,10.4,56,67,2.64,NZ,1690507117
368,vera cruz,-12.6333,-41.0333,20.76,84,100,1.26,BR,1690507117
369,at taj,24.2049,23.2857,29.02,14,100,1.64,LY,1690507117
370,hawaiian paradise park,19.5933,-154.9731,27.8,75,40,4.63,US,1690507118
371,knyaze-volkonskoye,48.4642,135.4567,28.19,75,83,4.57,RU,1690507118
372,hubynykha,48.8108,35.2547,19.0,95,100,1.86,UA,1690507118
373,ardatov,55.2421,43.097,20.03,74,13,4.09,RU,1690507118
374,porto franco,-6.3383,-47.3992,24.62,41,1,0.58,BR,1690507118
375,trat,12.5,102.5,27.68,86,98,2.86,TH,1690507118
376,sorong,-0.8833,131.25,26.38,83,93,4.25,ID,1690507118
377,khandud,36.9513,72.318,15.16,41,22,2.81,AF,1690507118
378,crane,31.3974,-102.3501,34.35,24,4,7.63,US,1690506839
379,moapa valley,36.5805,-114.4703,44.75,4,0,8.63,US,1690507119
380,shuangjiang,26.1547,109.7138,26.52,80,68,2.26,CN,1690507119
381,new norfolk,-42.7826,147.0587,15.51,59,0,4.14,AU,1690507119
382,acaponeta,22.4964,-105.3594,30.39,65,14,2.12,MX,1690507119
383,singa,13.15,33.9333,24.72,72,53,2.99,SD,1690507119
384,mhamid,29.82,-5.72,34.54,10,2,3.27,MA,1690507119
385,kapuskasing,49.4169,-82.4331,25.05,65,75,4.12,CA,1690507120
386,kalkaman,51.9525,76.0211,19.75,70,28,2.19,KZ,1690507120
387,tralee,52.2704,-9.7026,13.04,86,100,2.22,IE,1690507120
388,udachny,66.4167,112.4,21.92,40,100,2.35,RU,1690507120
389,alakurtti,66.9672,30.3491,14.58,81,100,0.47,RU,1690507120
390,soria,41.6667,-2.6667,13.81,100,7,1.28,ES,1690507120
391,kiunga,-6.1219,141.2906,23.46,97,100,1.16,PG,1690507120
392,saint-joseph,-21.3667,55.6167,17.21,70,6,2.09,RE,1690507120
393,zaozersk,69.4005,32.4476,10.42,93,27,0.96,RU,1690507121
394,leh,34.1667,77.5833,16.0,61,32,2.16,IN,1690507121
395,hilo,19.7297,-155.09,31.27,82,40,4.63,US,1690507103
396,saint-pierre,-21.3393,55.4781,17.82,68,40,4.63,RE,1690507104
397,saipan,15.1355,145.701,27.58,100,75,3.58,MP,1690507121
398,mabai,23.0128,104.4508,19.57,94,100,0.53,CN,1690507121
399,christchurch,-43.5333,172.6333,11.62,73,20,1.79,NZ,1690506970
400,kahama,-3.8333,32.6,17.23,43,9,2.8,TZ,1690507122
401,frutal,-20.0247,-48.9406,22.56,32,5,2.87,BR,1690507122
402,hirara,24.8,125.2833,30.92,84,75,11.83,JP,1690507122
403,hamilton,39.1834,-84.5333,28.28,77,100,3.6,US,1690506979
404,taytay,14.5678,121.1394,29.46,83,75,1.54,PH,1690507122
405,zakamensk,50.3741,103.2863,18.61,70,58,0.26,RU,1690507122
406,mutuali,-14.8706,37.0044,14.47,78,0,1.2,MZ,1690507123
407,lamu,-2.2717,40.902,24.12,84,14,7.42,KE,1690507123
408,cidreira,-30.1811,-50.2056,13.03,71,100,3.09,BR,1690507123
409,prado,-17.3411,-39.2208,22.1,84,100,3.15,BR,1690507123
410,chui,-33.6971,-53.4616,9.44,79,100,1.5,UY,1690507123
411,topeka,39.0483,-95.678,33.21,52,0,5.66,US,1690507123
412,ponta delgada,37.7333,-25.6667,23.4,94,75,5.14,PT,1690507123
413,tobelo,1.7284,128.0095,28.69,69,100,2.88,ID,1690507100
414,tanumah,27.1,44.1333,30.94,14,13,2.24,SA,1690507124
415,pontes e lacerda,-15.2261,-59.3353,27.04,40,97,1.24,BR,1690507124
416,kenora,49.8167,-94.4337,25.54,41,20,2.06,CA,1690507124
417,manismata,-2.4667,111.0333,25.66,78,100,2.5,ID,1690507124
418,vorkuta,67.5,64.0,15.06,91,100,0.28,RU,1690507124
419,santiago de cao,-7.9589,-79.2392,22.07,83,100,5.72,PE,1690507124
420,taltal,-25.4,-70.4833,16.12,82,0,1.46,CL,1690507125
421,mbanza-ngungu,-5.25,14.8667,20.35,77,8,3.95,CD,1690507125
422,jayapura,-2.5333,140.7,28.66,67,57,0.37,ID,1690507125
423,yerkoy,39.6381,34.4672,21.88,61,0,4.33,TR,1690507125
424,saint-philippe,-21.3585,55.7679,17.77,69,6,2.93,RE,1690506847
425,goure,13.9835,10.2704,29.89,50,62,2.6,NE,1690507125
426,palikir - national government center,6.9248,158.1611,31.41,74,100,3.09,FM,1690507125
427,kodinsk,58.6881,99.1844,21.96,64,98,0.36,RU,1690507126
428,san rafael del sur,11.8485,-86.4384,27.54,70,59,4.67,NI,1690507126
429,bathsheba,13.2167,-59.5167,28.34,83,20,8.23,BB,1690507126
430,pekanbaru,0.5333,101.45,29.18,79,100,2.06,ID,1690506936
431,vale de cambra,40.8497,-8.3939,18.16,94,45,1.23,PT,1690507126
432,marsabit,2.3284,37.9899,16.34,75,14,8.13,KE,1690507126
433,arraial do cabo,-22.9661,-42.0278,21.27,88,0,5.94,BR,1690507126
434,coronel dorrego,-38.7187,-61.2873,3.8,95,100,2.1,AR,1690507127
435,jabor,5.921,169.6434,28.66,73,93,3.01,MH,1690507127
436,majene,-3.5403,118.9707,26.32,75,100,5.7,ID,1690507127
437,mountain home,43.133,-115.6912,33.71,19,0,6.17,US,1690507013
438,baiyin,36.5583,104.2081,20.62,61,0,0.43,CN,1690507127
439,mugia,43.1041,-9.2179,18.84,93,100,7.73,ES,1690507127
440,ixtapa,20.7,-105.2,30.57,62,40,2.57,MX,1690507127
441,linqiong,30.4159,103.4609,26.9,83,91,1.23,CN,1690507128
442,vila franca do campo,37.7167,-25.4333,23.23,96,69,4.35,PT,1690507128
443,ghadamis,30.1337,9.5007,33.82,17,0,4.97,LY,1690507128
444,richards bay,-28.783,32.0377,17.22,94,7,2.06,ZA,1690507128
445,northam,51.0333,-4.2167,18.14,97,32,3.13,GB,1690507128
446,salym,60.0625,71.4789,17.19,79,74,1.85,RU,1690507128
447,aripuana,-9.1667,-60.6333,24.73,46,90,0.69,BR,1690507128
448,zhashkiv,49.2454,30.1102,13.57,78,100,7.2,UA,1690507129
449,dampit,-8.2116,112.7493,22.86,64,27,3.27,ID,1690507129
450,baley,51.6,116.6333,15.87,83,94,1.35,RU,1690507129
451,as sulayyil,20.4607,45.5779,32.14,15,35,3.43,SA,1690507129
452,belpre,39.274,-81.5729,25.91,86,20,2.06,US,1690507129
453,arba minch,6.0333,37.55,19.95,76,100,0.89,ET,1690507129
454,anapa,44.8908,37.3239,23.19,83,20,5.0,RU,1690507129
455,vila velha,-20.3297,-40.2925,21.08,89,40,2.06,BR,1690507130
456,susuman,62.7833,148.1667,7.93,78,100,0.8,RU,1690507130
457,portland,45.5234,-122.6762,29.23,41,20,4.12,US,1690507062
458,villa gesell,-37.2639,-56.973,7.81,78,100,2.48,AR,1690507130
459,zhumadian,32.9794,114.0294,28.21,71,13,4.36,CN,1690507131
460,kerikeri,-35.2268,173.9474,15.51,67,19,0.89,NZ,1690507131
461,arevalo,41.0626,-4.7204,20.17,49,2,3.69,ES,1690507132
462,tonota,-21.4833,27.4833,13.61,60,6,2.53,BW,1690507132
463,tres palos,18.1833,-101.6167,26.88,72,84,1.39,MX,1690507132
464,lijiang,26.8688,100.2207,17.57,88,100,1.34,CN,1690507132
465,mazagao,-0.115,-51.2894,25.03,84,87,2.32,BR,1690507132
466,kristiansund,63.1115,7.732,15.03,94,100,3.09,NO,1690507132
467,kirensk,57.7853,108.1119,21.19,81,99,1.02,RU,1690507132
468,orzinuovi,45.404,9.9216,20.16,89,62,1.54,IT,1690507133
469,capbreton,43.6422,-1.4282,22.3,99,38,1.75,FR,1690507133
470,argo,37.6333,22.7333,24.88,77,0,1.21,GR,1690507133
471,markovo,57.3206,107.0881,20.87,84,100,0.99,RU,1690507133
472,huarmey,-10.0681,-78.1522,20.5,82,33,4.72,PE,1690507133
473,la passe,45.5549,-0.8967,19.99,91,98,5.14,FR,1690507133
474,tshela,-4.9833,12.9333,19.58,96,72,0.92,CD,1690507133
475,vilyuchinsk,52.9306,158.4028,12.15,94,100,0.88,RU,1690507134
476,tayu,-6.5397,111.0518,25.52,62,95,5.77,ID,1690507134
477,inari,68.906,27.0288,10.11,87,6,0.41,FI,1690507134
478,kenai,60.5544,-151.2583,17.05,80,100,4.63,US,1690507134
479,roma,43.2128,-75.4557,24.42,81,100,3.09,US,1690507134
480,madingou,-4.1536,13.55,22.49,78,11,1.79,CG,1690507135
481,calabozo,8.9242,-67.4293,24.3,93,83,1.43,VE,1690507135
482,castries,13.9957,-61.0061,27.07,84,20,3.6,LC,1690507135
483,quartu sant'elena,39.2419,9.1839,23.95,75,0,3.09,IT,1690507089
484,guerrero negro,27.9769,-114.0611,24.79,64,13,6.72,MX,1690506901
485,orosei,40.3798,9.6929,22.88,64,28,1.23,IT,1690507135
486,karratha,-20.7377,116.8463,20.73,34,53,6.84,AU,1690507135
487,alaghsas,17.0187,8.0168,32.72,31,6,3.83,NE,1690507135
488,machhlishahr,25.6833,82.4167,31.67,60,100,3.0,IN,1690507136
489,kayangel,8.0823,134.7173,26.82,83,100,13.43,PW,1690507136
490,pasuquin,18.3328,120.6177,29.97,79,100,6.69,PH,1690507136
491,sanctuary point,-35.1114,150.629,23.32,42,73,4.12,AU,1690507136
492,viqueque,-8.8673,126.3658,26.16,70,36,1.9,TL,1690507136
493,tangalle,6.024,80.7911,24.84,91,47,4.44,LK,1690507136
494,twon-brass,4.3151,6.2418,25.17,90,100,5.49,NG,1690507136
495,linxia chengguanzhen,35.6003,103.2064,18.76,61,0,0.83,CN,1690507137
496,sungai penuh,-2.0833,101.3833,20.13,88,100,0.25,ID,1690507137
497,mata de sao joao,-12.5303,-38.2992,24.86,98,47,0.48,BR,1690507137
498,suva,-18.1416,178.4415,23.71,60,75,3.6,FJ,1690507137
499,auki,-8.7676,160.7034,27.01,82,100,2.3,SB,1690507137
500,mapimi,25.8167,-103.85,31.72,18,6,6.15,MX,1690507137
501,vilyuysk,63.7553,121.6247,21.92,50,84,3.0,RU,1690507138
502,derbent,42.0678,48.2899,24.02,81,0,1.79,RU,1690507138
503,franceville,-1.6333,13.5836,25.34,61,60,2.13,GA,1690507138
504,newman,37.3138,-121.0208,36.13,13,0,4.9,US,1690507138
505,nabire,-3.3667,135.4833,29.96,63,19,1.79,ID,1690507138
506,punta del este,-34.9667,-54.95,10.49,78,0,3.09,UY,1690507138
507,joshimath,30.5667,79.5667,21.81,96,100,0.51,IN,1690507138
508,kerema,-7.9631,145.7785,26.62,81,89,1.59,PG,1690507139
509,lusaka,-15.4067,28.2871,12.97,65,7,2.55,ZM,1690507139
510,galveston,29.3669,-94.9669,32.06,69,0,2.57,US,1690506933
511,chernyshevskiy,63.0128,112.4714,18.38,52,100,2.77,RU,1690507139
512,obubra,6.0752,8.329,23.47,98,100,2.22,NG,1690507139
513,entebbe,0.0644,32.4469,20.85,71,100,1.2,UG,1690507139
514,dieppe,49.75,1.1667,17.88,95,100,0.45,FR,1690507140
515,puerto madryn,-42.7692,-65.0385,6.03,70,0,4.68,AR,1690507140
516,pursat,12.3333,103.6667,28.79,69,78,2.27,KH,1690507140
517,male,4.1748,73.5089,28.07,71,15,0.17,MV,1690506708
518,karagay,58.2667,54.9368,16.83,98,30,2.31,RU,1690507140
519,tercan,39.7794,40.3925,19.54,37,7,1.35,TR,1690507140
520,palmas,-10.2128,-48.3603,26.93,47,0,1.54,BR,1690506907
521,fredericton,45.9454,-66.6656,19.47,93,100,4.12,CA,1690507090
522,hue,16.4667,107.6,34.06,52,20,5.14,VN,1690507141
523,motupe,-6.1519,-79.7142,22.46,76,5,2.3,PE,1690507141
524,hotan,37.0997,79.9269,29.0,27,97,3.62,CN,1690507141
525,gorontalo,0.5412,123.0595,28.96,68,98,4.54,ID,1690507126
526,nueva concepcion,14.2,-91.3,26.32,84,81,1.87,GT,1690507141
527,richfield,44.8833,-93.283,31.97,62,75,3.13,US,1690506907
528,gazojak,41.1875,61.4036,27.93,30,2,4.07,TM,1690507141
529,erenhot,43.6475,111.9767,25.59,46,0,4.07,CN,1690507141
530,ostrovskoye,57.8057,42.2433,15.99,94,100,3.01,RU,1690507142
531,yanam,16.7333,82.2167,25.9,84,98,4.9,IN,1690507142
532,ulsteinvik,62.3432,5.8487,14.62,92,58,3.13,NO,1690507142
533,jawf al maqbabah,13.8378,45.8349,29.78,45,94,2.5,YE,1690507142
534,howard springs,-12.497,131.047,27.95,46,9,2.31,AU,1690507143
535,west greenwich,41.637,-71.66,23.95,81,70,3.41,US,1690506938
536,onega,63.9061,38.1404,12.25,83,100,2.36,RU,1690507143
537,flin flon,54.7682,-101.865,15.43,56,100,3.11,CA,1690507143
538,tezu,27.9167,96.1667,24.22,95,100,0.9,IN,1690507144
539,datong,40.0936,113.2914,20.46,73,100,1.64,CN,1690507144
540,ohrid,41.1172,20.8019,10.94,82,20,1.54,MK,1690507144
541,camana,-16.6228,-72.7111,16.93,89,14,2.8,PE,1690507144
542,masterton,-40.9597,175.6575,11.6,87,71,2.82,NZ,1690507144
543,los osos,35.3111,-120.8324,35.38,39,0,7.2,US,1690507144
544,monroeville,40.4212,-79.7881,28.46,82,75,2.06,US,1690507145
545,monrovia,6.3005,-10.7969,24.87,90,81,3.29,LR,1690507083
546,luderitz,-26.6481,15.1594,11.57,88,0,0.39,NA,1690507145
547,severo-yeniseyskiy,60.3725,93.0408,16.08,86,100,0.98,RU,1690507145
548,big bend,-26.8167,31.9333,13.05,82,0,1.03,SZ,1690507145
549,flying fish cove,-10.4217,105.6791,24.82,83,100,6.69,CX,1690507145
550,beyla,8.6833,-8.6333,21.17,97,89,1.64,GN,1690507146
551,san luis,-33.295,-66.3356,10.45,44,11,2.75,AR,1690507146
552,kyzyl-mazhalyk,51.1333,90.6,18.97,71,100,0.72,RU,1690507146
553,turkmenbasy,40.0222,52.9552,21.43,49,0,0.0,TM,1690507146
554,nhamunda,-2.1861,-56.7131,26.88,55,4,1.05,BR,1690507146
555,kalevala,65.2,31.1667,14.1,80,94,0.12,RU,1690507146
556,mount gambier,-37.8333,140.7667,13.62,87,5,3.95,AU,1690507146
557,djamaa,33.5339,5.9931,29.99,41,0,4.26,DZ,1690507147
558,anaconda,46.1285,-112.9423,24.55,70,57,2.48,US,1690507147
559,champerico,14.3,-91.9167,29.04,68,42,2.12,GT,1690507147
560,ketchikan,55.3422,-131.6461,21.26,60,0,5.14,US,1690507147
561,alibag,18.6411,72.8792,25.04,90,100,5.84,IN,1690507147
562,gornopravdinsk,60.05,69.9,17.4,79,93,1.74,RU,1690507148
563,governador valadares,-18.8511,-41.9494,20.69,72,0,1.27,BR,1690507021
564,jijiga,9.35,42.8,16.3,76,98,7.41,ET,1690507148
565,komotini,41.1228,25.3964,20.59,54,0,0.45,GR,1690507148
566,manakara,-22.1333,48.0167,17.56,92,100,1.54,MG,1690507148
567,ascension,30.2169,-90.9001,30.6,75,0,0.0,US,1690507148
568,marshfield,44.6689,-90.1718,30.49,69,0,3.6,US,1690507148
569,ryotsu-minato,38.0833,138.4333,29.76,63,6,1.28,JP,1690507149
570,greenwood,34.1668,-82.1165,30.35,69,0,1.54,US,1690506936
571,al hazm,16.1641,44.7769,30.48,33,100,2.07,YE,1690507149
572,alice springs,-23.7,133.8833,23.75,50,40,2.06,AU,1690507149
573,haapsalu,58.9431,23.5414,10.55,88,98,3.03,EE,1690507149
574,zaragoza,41.6561,-0.8773,18.78,64,0,2.06,ES,1690507149
575,coos bay,43.3665,-124.2179,22.95,68,0,8.75,US,1690507149
576,valparaiso,-33.0393,-71.6273,15.0,63,0,1.54,CL,1690507036
577,jhajjar,28.6063,76.6565,27.06,81,95,1.52,IN,1690507150
578,sitia,35.2,26.0986,28.88,69,0,5.55,GR,1690507150
579,margate,51.3813,1.3862,17.72,94,92,1.79,GB,1690507150
580,westport,41.1415,-73.3579,28.99,81,75,1.79,US,1690507029
581,souillac,-20.5167,57.5167,21.21,78,40,1.54,MU,1690507150
582,manicore,-5.8092,-61.3003,26.57,48,13,1.22,BR,1690507150
583,strezhevoy,60.7333,77.5889,17.35,88,39,2.34,RU,1690507151
584,sinabang,2.4803,96.3801,26.96,77,100,0.34,ID,1690507100
585,beibei,29.8256,106.4339,25.76,97,100,1.7,CN,1690507151
586,recani,31.2846,-4.2688,34.08,11,48,2.19,MA,1690507151
587,lichinga,-13.3128,35.2406,11.77,62,0,2.17,MZ,1690507151
588,mejit,10.2753,170.8646,28.44,80,100,8.81,MH,1690507151
589,dryden,49.7833,-92.7503,23.16,49,0,2.06,CA,1690507152
590,kayyerkan,69.3786,87.7439,24.61,50,3,2.77,RU,1690507152
591,paya,18.25,-70.3,27.36,77,100,4.68,DO,1690507152
592,puerto lempira,15.2667,-83.7667,27.72,79,86,5.28,HN,1690507152
593,laojunmiao,39.8333,97.7333,27.35,18,0,5.28,CN,1690507152
